username,user id,access hash,name,group,group id
,6321019189,2952380347740666674,Globalcom,DARK WEBğŸŒ,1156574613
,6161723691,4331110044678550848,è´Ÿæ‹…,DARK WEBğŸŒ,1156574613
,6776301569,-2984419301795862606,Imad Imd,DARK WEBğŸŒ,1156574613
engineerxsa,6064262839,8724519819680046738,Engineer X,DARK WEBğŸŒ,1156574613
Mkenya3,5285551505,-8486344915390961593,@ğ”½ğ•£ğ•–ğ•’ğ•œğ•ª_ğ•’ğ•¤ğ•¥ğ•£ğ• ,DARK WEBğŸŒ,1156574613
,6835023246,4250460463384782191,Ben,DARK WEBğŸŒ,1156574613
,1649299626,3119456705157086490,Carlos Marini,DARK WEBğŸŒ,1156574613
Shaunn_Stuey,6150969771,-1007505543444134854,Shaun Stuey,DARK WEBğŸŒ,1156574613
,6543581827,-4354197384384705330,Yates,DARK WEBğŸŒ,1156574613
,6692690149,6245858784211015790,Mik,DARK WEBğŸŒ,1156574613
,6726276927,3257084866430673515,Dustin Stew,DARK WEBğŸŒ,1156574613
caicai25800,5992390737,8937487018834621221,é£ ç­,DARK WEBğŸŒ,1156574613
,6030594767,-8025889490815103225,joshua,DARK WEBğŸŒ,1156574613
Musa3192,5409119122,-6936415100169290327,musa muhammad,DARK WEBğŸŒ,1156574613
Angela7759,6575297699,3451485245727487148,Moses Johnson,DARK WEBğŸŒ,1156574613
,6547920407,8557727969066403677,Anonymous From Pk,DARK WEBğŸŒ,1156574613
,6449739240,298744146256978106,Cola HjÃ¤lpen,DARK WEBğŸŒ,1156574613
MRMehedi24,5155101887,-7783963986064226647,Mehedi Raj,DARK WEBğŸŒ,1156574613
,6640169057,2366139886454552784,Dominion Ebenezer,DARK WEBğŸŒ,1156574613
ceciliasellz,6426647561,9000658947587656989,James,DARK WEBğŸŒ,1156574613
,6824873130,6293634953903663456,kristina rei,DARK WEBğŸŒ,1156574613
vishnuaarnik,5247350713,-1880391775088336224,Vishnu Aarnik,DARK WEBğŸŒ,1156574613
g3n0ma,6784914094,7002788620250805215,ğ”¾ğ”¼â„•ğ•†ğ•„ğ”¸,DARK WEBğŸŒ,1156574613
abdelhady3,2138097047,2927523912035749644,abdalhady,DARK WEBğŸŒ,1156574613
,5509823076,-8723731691473445509,Yuri,DARK WEBğŸŒ,1156574613
,6017389274,-5942501906532021047,Dope consumer,DARK WEBğŸŒ,1156574613
M3RL0T,6658837122,-78504844625554031,MÌ· Í„Ì‹Ì™Ì±Ì­Ì¥Ì°Ì¨Ì¦EÌ¶Í„Í˜Ì„Í Ì‰ÌÌºRÌ¸ÌÍ›Ì‡Í†ÌƒÍ‚Í„Ì€Í„Ì”Ì®Ì–ÌŸÍLÌ¶Ì‘ÌšÍ‹ÍƒÍ›ÌÍ‘ÌÌ½ÍƒÌ¦Ì¨Í…Ì­Ì§Ì¦Ì«Ì±Ì—Ì£OÌµÍ„Ì€Ì¦,DARK WEBğŸŒ,1156574613
,6336204714,584208128346298278,beky koly,DARK WEBğŸŒ,1156574613
DarayaHarder,6673958766,-1021830815639961440,Jony D.ğŸš¬ğŸš¬à¶†à¶­à¶½à·Š à¶šà·œà¶½à·Šà¶½à· ğŸš¬ğŸš¬,DARK WEBğŸŒ,1156574613
,6422002062,1579265451675852425,Daniel Bowden,DARK WEBğŸŒ,1156574613
,6491945142,-7576253958230536608,Brymz 4,DARK WEBğŸŒ,1156574613
,6648967783,7148027026164723199,Mujahid Jafar,DARK WEBğŸŒ,1156574613
,1677896851,700222798446104550,Mo'men Elgharably,DARK WEBğŸŒ,1156574613
,5486475660,-386194582222549327,Michael Magala,DARK WEBğŸŒ,1156574613
,5220989730,2914772876027654614,á©áªá«á¬á­á®á¯á°á±á²á²á²á±á°á­á« á©á«á«á¬á­á­á®á®á®á°á±á°á±á²á²á¯á­á¬,DARK WEBğŸŒ,1156574613
,5995651757,-4578204922027447613,Christian,DARK WEBğŸŒ,1156574613
,5771306765,-7990965249479692447,A A,DARK WEBğŸŒ,1156574613
pukkabud,6122730255,-311365797669821867,Pukka Bud,DARK WEBğŸŒ,1156574613
Agentbonvenkarson,1998298273,-2110682895162807750,ğ‘¨ğ’ˆğ’†ğ’ğ’• ğ‘©ğ’ğ’ğ’—ğ’†ğ’ ğ‘²ğ’‚ğ’“ğ’”ğ’ğ’,DARK WEBğŸŒ,1156574613
,1111545569,-4666016888695644776,Vikas Jaiswal,DARK WEBğŸŒ,1156574613
J0K3R_R00T_0FF1C14L,2055433637,3517387150038892621,Blue Aqua,DARK WEBğŸŒ,1156574613
Balgrsdgeugavi,6394911284,-8494942533596887758,Gavi 14,DARK WEBğŸŒ,1156574613
Rabiuhalliru,5316028476,-7028398804480164735,Rabiu Halliru,DARK WEBğŸŒ,1156574613
Assobar1,6434968105,3650277507027500153,Ali,DARK WEBğŸŒ,1156574613
cipherhackerpro,1612191846,-9033604728819901574,client 01,DARK WEBğŸŒ,1156574613
TED69LOVER,5891626886,-7415155355821695590,TED 69LOVER,DARK WEBğŸŒ,1156574613
,813643984,-5556470755653049098,Kurawa,DARK WEBğŸŒ,1156574613
SergonInnovation,5990615097,-1870838815339621643,Sergoninovation,DARK WEBğŸŒ,1156574613
,1995867907,6119972739408511898,Cyberlight,DARK WEBğŸŒ,1156574613
,6191779545,-5014333282393699187,Amari Yo,DARK WEBğŸŒ,1156574613
mortalTs,6277269011,2685095864591583888,Mortal PS,DARK WEBğŸŒ,1156574613
C_GLITCHH,5694562242,-4979305900400126787,H- RIED,DARK WEBğŸŒ,1156574613
Abrillibri,6613840451,-7583323777028351304,Abril,DARK WEBğŸŒ,1156574613
romiLV9,5779317756,8365644519569189545,Kouadio Romeo,DARK WEBğŸŒ,1156574613
,6690823166,-1247983155164798836,COFC Forum / Marketplace,DARK WEBğŸŒ,1156574613
,5550018852,-3302899083625062419,Sylvester Scott,DARK WEBğŸŒ,1156574613
,5942179677,-2844874101376139751,Deepak Kumar yadav,DARK WEBğŸŒ,1156574613
pharmaforuk,5574155090,-3327259762049179993,Jason Park,DARK WEBğŸŒ,1156574613
,5716333103,-1540301630314951316,Yuvraj,DARK WEBğŸŒ,1156574613
chriltt,5953244273,7573723572373344589,Chriltt,DARK WEBğŸŒ,1156574613
,2091697402,-6508000079361835288,Hor Anhur,DARK WEBğŸŒ,1156574613
,6062085720,-6869228464434817775,mohammad islam guerra,DARK WEBğŸŒ,1156574613
Leporte_avion,5987281101,2102171822474228044,Jacques Mesrine,DARK WEBğŸŒ,1156574613
,5513743246,5146506809258909337,Sameer Nagar,DARK WEBğŸŒ,1156574613
,5854669889,-349752427402004817,xiu Minying,DARK WEBğŸŒ,1156574613
Blackl07,6597590450,1891965267810047828,Black Jb,DARK WEBğŸŒ,1156574613
,6340362723,-6143929708794039602,Ashis. A,DARK WEBğŸŒ,1156574613
enzocbellini,5356105662,-7306583921059279381,Enzo Bellini,DARK WEBğŸŒ,1156574613
,5761558655,8517504695583883110,gorkhay,DARK WEBğŸŒ,1156574613
hellomoto2k23,5814145153,-1535230950249989796,solar mac,DARK WEBğŸŒ,1156574613
plugspotc,5253640812,3747280679960371468,plugspot,DARK WEBğŸŒ,1156574613
,1500074192,8510349748856206694,Zak,DARK WEBğŸŒ,1156574613
Agent_james_leo,5521277466,-8438769517262884403,Agent James,DARK WEBğŸŒ,1156574613
OsoDGreat,5683824283,4195603900972439278,Gee Oso,DARK WEBğŸŒ,1156574613
,5904447938,-1148069928222076529,Kelvin Harris,DARK WEBğŸŒ,1156574613
,5428156367,7575789396138001664,levia 1,DARK WEBğŸŒ,1156574613
KUMARVAK,912764759,-1742747499891271681,V.A.KUMAR,DARK WEBğŸŒ,1156574613
,1952419260,-2451055496760312367,Obi Jordan,DARK WEBğŸŒ,1156574613
hack_0787,5668856580,8039557040403238627,Haf H,DARK WEBğŸŒ,1156574613
yncdd,5801738729,521415824980202868,ğ–˜ğ–†ğ–›ğ–†ğ–“ğ–™â˜£ï¸ğ–Šğ–Œğ–”,DARK WEBğŸŒ,1156574613
,589596281,-27878060827498037,Yiheyis Mulatu,DARK WEBğŸŒ,1156574613
victorputaors,5376129937,-3169971796079820433,Victor,DARK WEBğŸŒ,1156574613
,6141691090,-9199529860443016861,shub net,DARK WEBğŸŒ,1156574613
Itzz_deependra_kushwaha,5431768694,8637961189408654735,Deependra Kushwaha,DARK WEBğŸŒ,1156574613
,6046780027,3862889559207869434,Emmanuel Koffi,DARK WEBğŸŒ,1156574613
AYATechAcademy,5035329809,-5005298395526125434,A.Y.A Tech. Academy,DARK WEBğŸŒ,1156574613
Erikjohnson8,5938839228,-42298697228695568,Erik Johnson,DARK WEBğŸŒ,1156574613
boxes_make,1812219546,4058179438533708294,Boxes make,DARK WEBğŸŒ,1156574613
,6090790537,2327664327414518203,Boro Purvi Bachka Dosta,DARK WEBğŸŒ,1156574613
haupiastrain,6032393910,-2479315670291765006,Area Area,DARK WEBğŸŒ,1156574613
OCS_FX,691990956,-3956598486109725159,OCS,DARK WEBğŸŒ,1156574613
ogngxlol,744070224,-7175277020571956060,1@b_hm,DARK WEBğŸŒ,1156574613
,1007786386,-7436852336988254777,ğŸ™ˆğŸ™‰ğŸ™Š,DARK WEBğŸŒ,1156574613
,6148035103,-7185074017411741630,Bitcoin God,DARK WEBğŸŒ,1156574613
,5935995274,-6051104984630342720,Xavage Wrld,DARK WEBğŸŒ,1156574613
mahdi_e230,839347182,714311612278536333,M,DARK WEBğŸŒ,1156574613
,6021494299,2188099744794203640,Ad Lake,DARK WEBğŸŒ,1156574613
,1195817159,-5672305645800801360,MMS,DARK WEBğŸŒ,1156574613
,6080354232,3770920826675018172,Gaza Telfer,DARK WEBğŸŒ,1156574613
Usp87,5879889965,-5784994348259967381,STUCULT,DARK WEBğŸŒ,1156574613
Wanesatr,6237430053,-8874776298644316926,WARIDA,DARK WEBğŸŒ,1156574613
Dorgan44,6041600687,-4434883505060293722,ğ•¾ğ–†ğ–“ğ–ğ–š ğ–’ğ–Šğ–Šğ–“ğ–†,DARK WEBğŸŒ,1156574613
thirdyking,5963511321,2199331631926347884,Jumper,DARK WEBğŸŒ,1156574613
daniii129,5890480348,-8747402493941896811,dani new,DARK WEBğŸŒ,1156574613
,5912468884,-4103403780603989734,The World89,DARK WEBğŸŒ,1156574613
,5778759388,-7129516240620268338,Jey Lukwasa,DARK WEBğŸŒ,1156574613
Banner_Lab,5456721400,3664168482446152051,Banner Lab,DARK WEBğŸŒ,1156574613
Frommiamy,5588662161,-8549272390065512620,Miami Gvng18,DARK WEBğŸŒ,1156574613
,1243946547,7892439931670952657,Roneet Shimpi,DARK WEBğŸŒ,1156574613
ProffeserB,5287557805,-8123688017766761353,Prof B-,DARK WEBğŸŒ,1156574613
Nick_THC,5699566567,6654928128030939051,Nick devries,DARK WEBğŸŒ,1156574613
,5836144025,4960833448671784525,Dream it Possible,DARK WEBğŸŒ,1156574613
Khp129,735183415,-740202198549828993,Kunal Patil,DARK WEBğŸŒ,1156574613
,1980048053,-5774737029098452626,Cupcake savage,DARK WEBğŸŒ,1156574613
,5770042796,-1515497893895950875,Ab Flat,DARK WEBğŸŒ,1156574613
ayaa420,847116360,8546587210299177938,ã‚ã‚†,DARK WEBğŸŒ,1156574613
Shivarzz,5906424688,-6820817653820684633,HUSSLE MONDE,DARK WEBğŸŒ,1156574613
Bigtemp,1452621365,-3143764129761609104,mr black,DARK WEBğŸŒ,1156574613
Official_nadeempasha445,5825550126,2632908735511669536,Nadeem Pasha,DARK WEBğŸŒ,1156574613
nitinchoprapoet,988436068,5632262789362223566,Nitin,DARK WEBğŸŒ,1156574613
,5079970715,-1337786861608387394,Ritupriya Das,DARK WEBğŸŒ,1156574613
basemann,5248481377,48418777325211301,DraCula Cardâ„¢ï¸,DARK WEBğŸŒ,1156574613
eatbyanymeans,5316815809,-4385303048235900468,M,DARK WEBğŸŒ,1156574613
godramci,5773140883,-3350187088132501771,God Ra,DARK WEBğŸŒ,1156574613
venditaAppl,5129212908,-4738779939280550921,Jessica,DARK WEBğŸŒ,1156574613
,5531714267,-9152432880461534715,Rahul Pal,DARK WEBğŸŒ,1156574613
akiy2022,1152596596,-3679098605409199857,akiy,DARK WEBğŸŒ,1156574613
Johnsonmobo,1950764102,4046193407433019773,John Cookson,DARK WEBğŸŒ,1156574613
,1352518012,-4297669834300059490,Abubakar Abdullateef,DARK WEBğŸŒ,1156574613
,5567975155,-5432641407186317997,Abana Aliyu,DARK WEBğŸŒ,1156574613
,5184266124,5637422817081406165,Cleric Bussary,DARK WEBğŸŒ,1156574613
,5468266480,-5309994291360924496,Christy. Fever,DARK WEBğŸŒ,1156574613
DeejayTeeno,5783891231,-131219170019960941,Darlington Deejayteeno,DARK WEBğŸŒ,1156574613
Barnabas00,5048125666,5295114250020952677,Ã˜LÃ‚ BTÃ‡,DARK WEBğŸŒ,1156574613
Only1bigmayor,5346685285,-9118741421782524090,Big Mayor,DARK WEBğŸŒ,1156574613
Annaciara,721339760,880004907515267138,Tonia A. Hoggard,DARK WEBğŸŒ,1156574613
fudix112,1469047078,4429457024377067365,Fudix Okunade,DARK WEBğŸŒ,1156574613
Burgerbtc,1180016495,-2880830160532804125,Burger BTC,DARK WEBğŸŒ,1156574613
bigbagsheed,1623302887,8506842554212954719,Sheeed,DARK WEBğŸŒ,1156574613
hacker2na,5270511186,-6987899686813495789,Eniola Danny,DARK WEBğŸŒ,1156574613
Ib_programmer,5210676950,-6944931415096318493,Ibrahim Suleiman Adamu,DARK WEBğŸŒ,1156574613
Morganmarry,909910146,7461866805119049574,Morgan Marry,DARK WEBğŸŒ,1156574613
,2135984016,-5415978019423030377,Ube Divino,DARK WEBğŸŒ,1156574613
Olumide_2,1233134165,6587830338521594100,Olumide Ik,DARK WEBğŸŒ,1156574613
Debabe999,1189159820,-1800875698292976866,lizzy,DARK WEBğŸŒ,1156574613
WolfTNT58,1384377837,-6976705678704233301,Wolf TNT,DARK WEBğŸŒ,1156574613
west_40,5483492362,-5492382638277131255,west,DARK WEBğŸŒ,1156574613
jaosh10,1377183311,-4903602475009868808,Joshua Dozie,DARK WEBğŸŒ,1156574613
,846528568,6156694390685156008,Syed Ilhan,DARK WEBğŸŒ,1156574613
Lekwa1,5040862194,2739199187891099958,lekwa,DARK WEBğŸŒ,1156574613
Franklyn55,924648968,-8879606690190302684,Franklyn,DARK WEBğŸŒ,1156574613
Multi_05,955936165,6673853092103061182,Azuka Ibezim,DARK WEBğŸŒ,1156574613
Dargon001,1560076426,4521739349944350865,Kool Gee,DARK WEBğŸŒ,1156574613
Nikkyking,1595114030,-4325328670083429955,Nikky King ğŸ˜ğŸ˜ğŸ˜˜ğŸ¤©,DARK WEBğŸŒ,1156574613
Alexlw500,1633292524,-7194757332967609173,Alex,DARK WEBğŸŒ,1156574613
ano_nym_ous_257,2070850311,-481310383430016360,Ano_nym_ous,DARK WEBğŸŒ,1156574613
MagdySoltan,1144310576,4848252500518914769,Magdy Youssef,DARK WEBğŸŒ,1156574613
M4h0g,5113784725,3024151736682337240,Mahmut KaradaÄŸ,DARK WEBğŸŒ,1156574613
msgidado,1728633371,-637639684151371069,ğ•­ğ–‘ğ–†ğ–ˆğ– ğ•³ğ–†ğ–™,DARK WEBğŸŒ,1156574613
Donlucky123,1656311986,7556579475880814478,Don Lucky,DARK WEBğŸŒ,1156574613
Zulfiqor1604,1168617135,-6959371757702048896,Zulfiqor,DARK WEBğŸŒ,1156574613
Officialaccount67,1722246655,-6314555301241649463,official Account,DARK WEBğŸŒ,1156574613
Victorwhiliams,5208513352,2038016810376598758,Victor Whiliams,DARK WEBğŸŒ,1156574613
,5136505320,-1802244780270532924,Favour Chinedu,DARK WEBğŸŒ,1156574613
,1282108444,2654208418305599557,MR. NOBODY,DARK WEBğŸŒ,1156574613
,840616199,3353736465779910927,Deepu,DARK WEBğŸŒ,1156574613
,1045502159,7825650128624804617,Yohanna Isah,DARK WEBğŸŒ,1156574613
Sheunzy44,5147563236,-6427467226445953492,Oluwaseun Temitope,DARK WEBğŸŒ,1156574613
Siyadata,1008753044,1404447216423252712,Sheu-ibrahim Yusuf,DARK WEBğŸŒ,1156574613
,1603052875,3080908818040861773,ciggyboiii,DARK WEBğŸŒ,1156574613
emmex77,2117389556,-4443436930861846593,Emmanuel Hamson,DARK WEBğŸŒ,1156574613
Dennniskings,1587188984,-7962455394691226465,Dennis Kingsley,DARK WEBğŸŒ,1156574613
,1713359740,3566436137934417428,Tunez,DARK WEBğŸŒ,1156574613
,1896427966,5948893688950770997,Alice Jonathan,DARK WEBğŸŒ,1156574613
Airolemmy,5178311073,5169825979619343464,lemmy,DARK WEBğŸŒ,1156574613
Ayanfe2108,5065334799,-5968535987851633032,James Joshua 228291,DARK WEBğŸŒ,1156574613
,2016930890,-1234938071512983697,Michael Jefferson,DARK WEBğŸŒ,1156574613
Shegzsolution,1500580533,-7219821353577292410,Sheggz,DARK WEBğŸŒ,1156574613
,1202687910,-8871215390353474090,BBY EXPO,DARK WEBğŸŒ,1156574613
Junnyjatson,1123306470,3527304409267976128,A.J,DARK WEBğŸŒ,1156574613
,5232057248,-2721239629704600827,Robert Anderson,DARK WEBğŸŒ,1156574613
,5025997583,7003511549565354502,ê§à¼ºRajineshà¼»ê§‚,DARK WEBğŸŒ,1156574613
,5076157628,-1159577044254465957,Malvin,DARK WEBğŸŒ,1156574613
OlonadeOluwanifemi,902969943,3121522528381829691,Ttt,DARK WEBğŸŒ,1156574613
,1416469382,-84795409609562380,TYLER CROOONER,DARK WEBğŸŒ,1156574613
Ayomidei475,1401946875,-5723322774815913955,Ayo Ola,DARK WEBğŸŒ,1156574613
,1398315083,-3953919313682181335,Akintunji Wellington,DARK WEBğŸŒ,1156574613
MrResponsible10,1389410667,-8440481755349008926,Michael Responsible,DARK WEBğŸŒ,1156574613
Holluwphemmy,1387361221,1073075217189007328,Moses Joel,DARK WEBğŸŒ,1156574613
,1386694297,-5055258164771911736,Wunderkind,DARK WEBğŸŒ,1156574613
DerickDean,1359316323,4488875081937870053,Antonio26,DARK WEBğŸŒ,1156574613
laksdy,1368672015,9194256612553119031,Olalekan Oladele,DARK WEBğŸŒ,1156574613
,1358993773,-391352681674009247,Abbas Usman,DARK WEBğŸŒ,1156574613
Marvel_DRB,1337184098,-8047025318516188970,Marvel Drb,DARK WEBğŸŒ,1156574613
Ajiwealth01,1367685897,8551555795478880836,Olokodana Ajibola,DARK WEBğŸŒ,1156574613
,1356936514,-7008866179328236920,Samuel Sylvester,DARK WEBğŸŒ,1156574613
Dankutson,1355946216,-630977394728309685,I.FRANKENSTEIN,DARK WEBğŸŒ,1156574613
,1350497550,-2171554161146524870,Hon packge Olabodey,DARK WEBğŸŒ,1156574613
,1350219058,8960198040867376316,Done4,DARK WEBğŸŒ,1156574613
,1344834320,-9193932974904961494,Taiwo Adekanbi,DARK WEBğŸŒ,1156574613
,1317559027,1015624890148965150,Soetan Ayuba,DARK WEBğŸŒ,1156574613
Happinesstina,1290622548,-1445609215120296558,Happiness,DARK WEBğŸŒ,1156574613
Realprince18,1309696083,-1303283200818313295,Real Prince,DARK WEBğŸŒ,1156574613
Youngefixy,1302405990,1845615440360985383,Adewale Oluwafemi,DARK WEBğŸŒ,1156574613
Y_Zhaka,1281633940,-3316812909534106436,Young Zhaka,DARK WEBğŸŒ,1156574613
,1280728068,-2656016487794522209,Nlebedum Philip,DARK WEBğŸŒ,1156574613
,1275827473,-1492052182143205855,ITA EKPO,DARK WEBğŸŒ,1156574613
,1275190911,-2002028895033812189,okonkwo kalu,DARK WEBğŸŒ,1156574613
,1249390107,-255848466606710028,KENNETH WILLIAMS,DARK WEBğŸŒ,1156574613
ParagonMartins,1243106359,7665477408149796422,Paragon Martins,DARK WEBğŸŒ,1156574613
,1241892424,-6784005447612638544,Moses,DARK WEBğŸŒ,1156574613
vichifara,1238099449,-2070925262207502476,IMMORTAL,DARK WEBğŸŒ,1156574613
,1231629445,7439340206188310603,Slim Zeed,DARK WEBğŸŒ,1156574613
,1229504079,-7951392902746861805,victor Esu,DARK WEBğŸŒ,1156574613
,1222227754,4881655284806742122,Emmanuel Udoh,DARK WEBğŸŒ,1156574613
patbesong,1211669619,8067685550512352760,Optimist,DARK WEBğŸŒ,1156574613
Larryjay27,1203413132,-6412220354781756860,Larryjay27 (Ekiti),DARK WEBğŸŒ,1156574613
Vanlouis,1178181996,-4910778762251104918,Amadike VÃ£Ã±lÃ¸Ã¼Ã¯s,DARK WEBğŸŒ,1156574613
,1177849058,7549629075092681602,Brimo Brimo,DARK WEBğŸŒ,1156574613
its_onlyme1,1175982228,-980754328738435162,ğŸ¥¤ğŸš¶â€â™€ï¸,DARK WEBğŸŒ,1156574613
,1174507921,-503215749563560684,Joseph Kakwo,DARK WEBğŸŒ,1156574613
Oluwajayboi,1157171277,-8211772301571752312,Official OJ,DARK WEBğŸŒ,1156574613
Dt5469,1154901371,-8212149621791462409,Dt Steel,DARK WEBğŸŒ,1156574613
,1151293305,4200287469084828330,Sam,DARK WEBğŸŒ,1156574613
gmpjef,1160016489,7478194451807565176,Enesi Jemilaye,DARK WEBğŸŒ,1156574613
,1098154283,-2686306912930646107,David Anthony,DARK WEBğŸŒ,1156574613
,1141688269,8882519861517383243,Ifeanyichukwu,DARK WEBğŸŒ,1156574613
,1140901078,-3175206648572839005,Uche,DARK WEBğŸŒ,1156574613
CRYPTOSTRAND,1139879868,8895377665185054779,JOSEPH OGBUEHI,DARK WEBğŸŒ,1156574613
igweh01,1100802222,6496267289694119815,IGWEH,DARK WEBğŸŒ,1156574613
,1093921150,-581314025875874712,Diepreye,DARK WEBğŸŒ,1156574613
,1080464124,3953426022316544764,Dozzy,DARK WEBğŸŒ,1156574613
Blvck_billgvte,1087472395,5010681163827129572,Adam Dansabo,DARK WEBğŸŒ,1156574613
,1079025407,2856460469652982240,Rapheal Adeyemi,DARK WEBğŸŒ,1156574613
,1060258382,8921316224788274277,Emmanuel Peter,DARK WEBğŸŒ,1156574613
Ableson151,1051546915,-1145005281001255087,Michael Seun,DARK WEBğŸŒ,1156574613
Mikeshegs,1033067211,5612217092106643372,Michael Oluwasegun,DARK WEBğŸŒ,1156574613
Bukola123,1046954667,-7254466752921127110,David Success,DARK WEBğŸŒ,1156574613
,1046042776,-2393353062923322697,Chijioke Lawrence,DARK WEBğŸŒ,1156574613
Hollyboypr,1043199402,1654483456227719707,HollyboyğŸ˜,DARK WEBğŸŒ,1156574613
,1023689181,-747906732067390314,Olu Akinola,DARK WEBğŸŒ,1156574613
Clingz2,1022189289,4061154827863408566,CLINTON JOHN,DARK WEBğŸŒ,1156574613
stmedia_global,1020496681,5880885259932069181,Akpojotor Prosper,DARK WEBğŸŒ,1156574613
dj9ke,1019715762,7203656604726235124,Dj 9ke,DARK WEBğŸŒ,1156574613
,1015972739,-5307687598823252174,Philip Okwara,DARK WEBğŸŒ,1156574613
,1013692438,8259299317967945856,Barry Bitrus,DARK WEBğŸŒ,1156574613
,1001228185,444866533785638592,Black Diamond ğŸ’ğŸ’,DARK WEBğŸŒ,1156574613
Francis2016614057,960194989,-2344998132145373553,Anosike Francis,DARK WEBğŸŒ,1156574613
,969607601,2063815229137279413,Jay_Gadgets,DARK WEBğŸŒ,1156574613
MOSCO_MAYANA,968370016,-6982318768079813420,MAYANA,DARK WEBğŸŒ,1156574613
humble50,966330180,4389184897817160724,humble50 ben50,DARK WEBğŸŒ,1156574613
,965721873,-5951394366346918949,IG,DARK WEBğŸŒ,1156574613
Obiausani,942384770,3053852436861046537,Obia Usani,DARK WEBğŸŒ,1156574613
Sollydion,931778431,2302688562011574832,Adeyemo Sodiq,DARK WEBğŸŒ,1156574613
,925555612,3183859014679556545,Olumide,DARK WEBğŸŒ,1156574613
Singlefile,920882893,-1755323830539307213,k.boy,DARK WEBğŸŒ,1156574613
AugustineC,919092137,-1785262982006437659,DIMALOX,DARK WEBğŸŒ,1156574613
,912677658,-6440832298495369120,conover Mary,DARK WEBğŸŒ,1156574613
john28800,895095218,6786200069095662160,John,DARK WEBğŸŒ,1156574613
Sirkenny503,887068870,5903275566245426130,Ige Kehinde Samuel,DARK WEBğŸŒ,1156574613
,879149982,8597120017259131630,Donbulo,DARK WEBğŸŒ,1156574613
Luckyzak,878397755,64978252435829083,Lucky Zak,DARK WEBğŸŒ,1156574613
eddyshotit,875184436,-4872162041350725941,eddy,DARK WEBğŸŒ,1156574613
Talk2Sammie,842470477,6704724750268122730,Talk2sammie Mr Hero,DARK WEBğŸŒ,1156574613
IAmSunnyWonder,841565223,708413787716746638,Sunday Ezra (Sunny Wonder),DARK WEBğŸŒ,1156574613
,865653598,-8663910588953450543,Douglass,DARK WEBğŸŒ,1156574613
,848015002,1764986279727938630,Enyi,DARK WEBğŸŒ,1156574613
,834299900,1385975595490653509,Wengelu Melaku,DARK WEBğŸŒ,1156574613
,815633865,1395377720394717599,Muhammed Tijani,DARK WEBğŸŒ,1156574613
Harbidemih,759277559,-5700914614205983638,Yusuf Harbidemih,DARK WEBğŸŒ,1156574613
KingVillar,802964579,-9103354039023164286,KingğŸ‘‘ğŸ‘‘ Villar,DARK WEBğŸŒ,1156574613
Tobbex01,782466398,2777904529906577580,Oluwatobi Alao,DARK WEBğŸŒ,1156574613
Pinpoint_Fx,776629725,4793016585818402010,Sunday Lee,DARK WEBğŸŒ,1156574613
,757131508,5501851333790837146,Daniel Ogundu,DARK WEBğŸŒ,1156574613
,756984045,3528474911066418105,Tcashyrn,DARK WEBğŸŒ,1156574613
Mrzeezy65,760938747,2262157644125331882,Abdulazeez Yusuf,DARK WEBğŸŒ,1156574613
Jaybankx1,748125772,-1198917412249894405,Sultan Bankx,DARK WEBğŸŒ,1156574613
,760801145,5700705451221631930,Owolabi Lasun,DARK WEBğŸŒ,1156574613
adenock,722356797,-149992421855247016,sunday adedokun,DARK WEBğŸŒ,1156574613
,693423081,-8328214734273516383,Pierre Asuquo,DARK WEBğŸŒ,1156574613
jpseries247,676132165,-4695223415509815489,JohnPaul Anughora,DARK WEBğŸŒ,1156574613
,660713929,-449547725852853128,Young Telecom,DARK WEBğŸŒ,1156574613
,649448782,2081566548282213533,Rotimi Aneyo,DARK WEBğŸŒ,1156574613
Cupa001,646417754,929394645927902186,Agbo Christopher,DARK WEBğŸŒ,1156574613
Henryuti2020,637737016,4060438975797104894,Henry Uti,DARK WEBğŸŒ,1156574613
A_de_mola,625955457,7786587414525839421,A,DARK WEBğŸŒ,1156574613
RealKayx,611363397,6680459801661652051,Real Kay,DARK WEBğŸŒ,1156574613
,548807709,-7472540939446293317,Sunday Okon,DARK WEBğŸŒ,1156574613
emabino,259943671,-7512620837709431968,emabino,DARK WEBğŸŒ,1156574613
Bitchknucklez,2133354619,6309382083186799516,Mia Ana,DARK WEBğŸŒ,1156574613
oluwabuku2021,2088529837,-716082433061409832,Oluwabukunmi Onipede,DARK WEBğŸŒ,1156574613
,2052849684,7922952098743402896,AKPELI Joseph,DARK WEBğŸŒ,1156574613
,2051190567,-3421745163739006111,Quami Sketches,DARK WEBğŸŒ,1156574613
dammie246,2010391673,-4497630216197569402,Dammieâ™ â™¥â™£ï¸,DARK WEBğŸŒ,1156574613
YourN01,2005079595,-2520466923161175403,YourNo1,DARK WEBğŸŒ,1156574613
Zamu989,1987106475,-1483942243107088220,Capital Investment,DARK WEBğŸŒ,1156574613
mave_rickjosh,1968006353,8763520546237677294,Josh maverick,DARK WEBğŸŒ,1156574613
,1902685948,-3859443880476449357,Daniel Quartey,DARK WEBğŸŒ,1156574613
lincolncrux,1896672934,-1846579275216897952,Lincoln Crux,DARK WEBğŸŒ,1156574613
,1870713437,-6238708881420864454,Emmanuel Smite,DARK WEBğŸŒ,1156574613
Josh_Tvs,1866579531,8070362340480330672,josh Tv,DARK WEBğŸŒ,1156574613
Rollemopeyemi,1874712473,2198305640700284239,Raheem Waris,DARK WEBğŸŒ,1156574613
,1852052049,3775604707946592294,Imole,DARK WEBğŸŒ,1156574613
,1838298057,6627780282472431370,Muyiwa,DARK WEBğŸŒ,1156574613
EmilyNorman47,1777265310,-3302589306806300045,Emily Norman,DARK WEBğŸŒ,1156574613
,1776298968,2617663657223504503,Isaiah,DARK WEBğŸŒ,1156574613
Oliviia_Brandon,1768869284,2995190573258121166,Olivia Brandon,DARK WEBğŸŒ,1156574613
,1765532680,-1347158879112220009,Rex Joseph,DARK WEBğŸŒ,1156574613
Tizkid1997,1762067942,-5989105959098056027,Pastore,DARK WEBğŸŒ,1156574613
Demasobed,1747481232,9132890790369120466,Demax Obed,DARK WEBğŸŒ,1156574613
,1704631652,-9162158764362598951,Danny Scott,DARK WEBğŸŒ,1156574613
,1699731746,6557860684982740702,Enyinnaya Danny,DARK WEBğŸŒ,1156574613
,1678313210,-1076570136665873562,Joel,DARK WEBğŸŒ,1156574613
,1629196089,7631613948087256607,Echidi,DARK WEBğŸŒ,1156574613
Darli188,1593451883,-6877939753916048583,Don Darli,DARK WEBğŸŒ,1156574613
,1555921756,-3801189458398630294,Yars Prince,DARK WEBğŸŒ,1156574613
iam_scenzy,1539187598,7534948600284279404,Oluwaseun,DARK WEBğŸŒ,1156574613
Pahamu,1519129476,4211299575081593783,Charles Luang,DARK WEBğŸŒ,1156574613
Nani_266,1517117187,-5171668206081916705,DY Reddy,DARK WEBğŸŒ,1156574613
Adamasmithlive,1508862344,-1098934246786952394,Adam a Smith,DARK WEBğŸŒ,1156574613
Vinosky1,1504336316,8171363474326621595,Vinosky,DARK WEBğŸŒ,1156574613
Awonaira,1455446114,-8032773687514436940,jayone Smith,DARK WEBğŸŒ,1156574613
,1451003629,-3345745489126034364,Zeegold,DARK WEBğŸŒ,1156574613
Henriikay,637343532,-6459814611045872465,Adedamola Henry,DARK WEBğŸŒ,1156574613
